"ID","Espesor Lomo
  (m.m)","Porcentaje Magro
 CM (%)","Sexo","Region","Calidad de la carne","Peso Canal Caliente 
 (PCC- Kg)","Peso Canal Refrigerada (PCR - Kg)","Edad del Responsable ","Nombre Responsable"
"","","","","","","","","",""
"1","64.4","55.8","MACHO","O´Higgins","Execelente","85.9","84.3","36","-"
"2","64","57.9","MACHO","Araucania","Execelente","80.4","78.5","36","-"
"3","56.4","58.8","MACHO","Metropolitana","Execelente","81.7","79.6","36","-"
"4","69.2","54.6","MACHO","Metropolitana","Estandar","88.6","86.8","36","-"
"5","62","57.9","MACHO","Metropolitana","Execelente","79.5","77.5","36","-"
"6","60.8","55","MACHO","Metropolitana","Estandar","80.5","78.5","36","-"
"7","62.4","57.1","MACHO","Metropolitana","Execelente","78.5","77.1","36","-"
"8","57.6","56.5","MACHO","O´Higgins","Execelente","92.7","90.6","36","-"
"9","58","50.4","MACHO","Maule","Estandar","82.3","77.4","36","-"
"10","68.8","57.5","MACHO","Bio-Bio","Execelente","89.5","82.8","36","-"
"11","74.8","56.1","MACHO","Bio-Bio","Execelente","90.4","88.5","36","-"
"12","53.2","54","MACHO","Bio-Bio","Estandar","78.2","76.3","36","-"
"13","60","56.3","MACHO","O´Higgins","Execelente","80.6","78.7","36","-"
"14","68","56.3","MACHO","Metropolitana","Execelente","83.2","81.3","36","-"
"15","53.6","58.1","MACHO","O´Higgins","Execelente","83.1","80.9","36","-"
"16","62.8","56.7","MACHO","O´Higgins","Execelente","82.6","80.6","36","-"
"17","64.8","55.3","MACHO","O´Higgins","Execelente","79","77","36","-"
"18","62","56.8","MACHO","O´Higgins","Execelente","81.2","78.7","36","-"
"19","59.6","56.2","MACHO","O´Higgins","Execelente","84.2","82.4","36","-"
"20","64.4","57.7","HEMBRA","O´Higgins","Execelente","82.4","81","36","-"
"21","62.4","55.3","MACHO","Maule","Execelente","81.3","78.6","36","-"
"22","66.8","56.7","MACHO","Maule","Execelente","86.1","83.3","36","-"
"23","65.6","56","MACHO","Maule","Execelente","88.4","85.7","36","-"
"24","54.4","53.9","MACHO","O´Higgins","Estandar","74.7","72.2","36","-"
"25","54.8","57.7","MACHO","Araucania","Execelente","76.9","74.2","36","-"
"26","74.4","58","MACHO","Los Lagos","Execelente","93.3","91.6","36","-"
"27","54.4","55.8","MACHO","O´Higgins","Execelente","78","76.6","36","-"
"28","68.8","58","MACHO","O´Higgins","Execelente","85.6","83.5","36","-"
"29","60.8","59.4","MACHO","O´Higgins","Execelente","91.7","?","36","-"
"30","62.4","54.5","MACHO","O´Higgins","Estandar","82.6","?","36","-"
"31","76.8","58","HEMBRA","O´Higgins","Execelente","97.5","94","36","-"
"32","66.8","58.8","MACHO","O´Higgins","Execelente","83","80.7","36","-"
"33","64","55.5","MACHO","O´Higgins","Execelente","91.1","88.6","36","-"
"34","65.2","54.8","MACHO","O´Higgins","Estandar","107.3","104.6","36","-"
"35","67.6","58.7","HEMBRA","O´Higgins","Execelente","85.8","84","36","-"
"36","64.8","54.8","MACHO","O´Higgins","Estandar","97.9","94.6","36","-"
"37","56","51.7","MACHO","O´Higgins","Estandar","90","88.2","36","-"
"38","45.2","46.7","MACHO","O´Higgins","Buena","107.2","104","36","-"
"39","50.4","52.8","MACHO","O´Higgins","Estandar","81.9","78.8","36","-"
"40","65.2","52.4","MACHO","Maule","Estandar","111.3","108.6","36","-"
"41","67.2","48.1","MACHO","O´Higgins","Buena","120","116.2","36","-"
"42","70.4","50.1","MACHO","O´Higgins","Estandar","127.4","123.6","36","-"
"43","74.4","49.3","MACHO","O´Higgins","Buena","142.7","138.5","36","-"
"44","69.2","55.4","MACHO","O´Higgins","Execelente","94","91.6","36","-"
"45","64.8","51.3","MACHO","O´Higgins","Estandar","131.9","128.2","36","-"
"46","64.8","52.3","HEMBRA","Bio-Bio","Estandar","85.5","83.6","36","-"
"47","62.8","49.4","MACHO","Bio-Bio","Buena","98.3","94.8","36","-"
"48","64.4","49.1","MACHO","O´Higgins","Buena","116","112.1","36","-"
"49","60","38","MACHO","O´Higgins","Mediocre","138.6","134.8","36","-"
"50","54.8","41","MACHO","O´Higgins","Menos buena","112.9","110.5","36","-"
"51","63.2","51.9","MACHO","O´Higgins","Estandar","95.5","93","36","-"
"52","51.6","55.4","MACHO","O´Higgins","Execelente","81","78.1","36","-"
"53","72.4","54.7","MACHO","O´Higgins","Estandar","99.2","96.4","36","-"
"54","77.6","54.9","MACHO","O´Higgins","Estandar","121.7","118.7","36","-"
"55","76","53.9","MACHO","O´Higgins","Estandar","119.5","115.8","36","-"
"56","67.6","54.6","MACHO","O´Higgins","Estandar","109.3","106","36","-"
"57","72","53.6","MACHO","O´Higgins","Estandar","119","115.5","36","-"
"58","68.4","51.8","MACHO","O´Higgins","Estandar","116.8","113.4","36","-"
"59","68.4","46.9","MACHO","O´Higgins","Buena","112","109.6","36","-"
"60","66.4","49.1","MACHO","O´Higgins","Buena","117.7","114.4","36","-"
"61","68.4","53.9","MACHO","O´Higgins","Estandar","109.3","106.6","36","-"
"62","63.2","54.3","MACHO","O´Higgins","Estandar","101","99.6","36","-"
"63","68.4","50.4","MACHO","O´Higgins","Estandar","115.9","113.2","36","-"
"64","54","49.5","MACHO","O´Higgins","Buena","92.8","89.5","36","-"
"65","54","50.6","MACHO","O´Higgins","Estandar","89.9","88.4","36","-"
"66","63.2","49.4","MACHO","O´Higgins","Buena","103.5","100.8","36","-"
"67","73.6","51.6","MACHO","Metropolitana","Estandar","110.6","107.1","36","-"
"68","82","46.6","MACHO","","Buena","137.8","135.3","36","-"
"69","60.4","48.5","MACHO","","Buena","112.3","109.2","36","-"
"70","68.4","52.8","MACHO","","Estandar","120","117.4","36","-"
"71","?","?","MACHO","","Menos buena","","""""","36","-"
"72","64.4","52","MACHO","","Estandar","94.8","92.7","36","-"
"73","63.6","53.5","MACHO","","Estandar","98.2","95.7","36","-"
"74","69.6","53.3","MACHO","","Estandar","113.3","110.4","36","-"
"75","?","50","MACHO","","?","","99.9","36","-"
"76","67.6","52.7","MACHO","""""","Estandar","109.8","107.4","36","-"
"77","69.2","48.9","MACHO","","Buena","143.1","139.5","36","-"
"78","58.4","55.5","MACHO","O´Higgins","Execelente","86.7","84.2","36","-"
"79","68.4","43.1","MACHO","O´Higgins","Menos buena","124","121.8","36","-"
"80","62.8","48.8","MACHO","O´Higgins","Buena","107.5","105.4","36","-"
"81","63.6","56","MACHO","O´Higgins","Execelente","84","82","36","-"
"82","70.4","51.2","MACHO","O´Higgins","Estandar","99","97.5","36","-"
"83","68.4","52.8","MACHO","O´Higgins","Estandar","115.8","112.5","36","-"
"84","77.6","54.9","MACHO","O´Higgins","Estandar","114.9","112.1","36","-"
"85","70","44.7","MACHO","O´Higgins","Menos buena","127.4","124.4","36","-"
"86","72.8","54","MACHO","O´Higgins","Estandar","109.1","106","36","-"
"87","73.6","58.4","MACHO","O´Higgins","Execelente","103.7","100.7","36","-"
"88","52.4","40.4","MACHO","O´Higgins","Menos buena","103.4","100.9","36","-"
"89","76.8","52.1","MACHO","O´Higgins","Estandar","112.7","110.9","36","-"
"90","68.4","52.3","MACHO","O´Higgins","Estandar","104.3","","36","-"
"91","68.8","52.3","MACHO","O´Higgins","Estandar","99.3","","36","-"
"92","57.6","56.2","MACHO","O´Higgins","Execelente","91.6","","36","-"
"93","64","56.3","MACHO","O´Higgins","Execelente","107.2","104.3","36","-"
"94","66.4","55.5","MACHO","O´Higgins","Execelente","99.8","97.4","36","-"
"95","62.8","48.6","MACHO","O´Higgins","Buena","88.7","87","36","-"
"96","74.4","50.7","MACHO","O´Higgins","Estandar","112.6","109.6","36","-"
"97","59.6","51.6","MACHO","O´Higgins","Estandar","98.1","95.1","36","-"
"98","65.2","53.2","MACHO","O´Higgins","Estandar","100","96.6","36","-"
"99","54.8","53.7","MACHO","O´Higgins","Estandar","82.2","80.6","36","-"
"100","61.6","53.5","MACHO","O´Higgins","Estandar","92.4","89.7","36","-"
"101","73.6","54.6","MACHO","O´Higgins","Estandar","112.4","109.7","36","-"
"102","71.2","50","MACHO","Metropolitana","Buena","111","108.4","36","-"
"103","66","53.9","MACHO","Metropolitana","Estandar","107.4","105.1","36","-"
"104","73.6","51.6","MACHO","Metropolitana","Estandar","109.4","106.6","36","-"
"105","60","51.2","MACHO","O´Higgins","Estandar","95.7","93.8","36","-"
"106","70.8","49.7","MACHO","O´Higgins","Buena","134.1","130.8","36","-"
"107","60","53.9","MACHO","O´Higgins","Estandar","91.2","89.7","36","-"
"108","67.2","52.4","MACHO","O´Higgins","Estandar","113.8","111.4","36","-"
"109","68","45.2","MACHO","O´Higgins","Buena","112.5","109.4","36","-"
"110","64.8","50.7","MACHO","O´Higgins","Estandar","110.4","108.7","36","-"
"111","75.2","55.4","MACHO","O´Higgins","Execelente","123.3","119.7","36","-"
"112","62.4","53.4","MACHO","O´Higgins","Estandar","99.4","97.1","36","-"
"113","70.4","53.6","MACHO","O´Higgins","Estandar","93","92.1","36","-"
"114","70.4","55.3","MACHO","O´Higgins","Execelente","92.9","91.2","36","-"
"115","71.6","58.9","HEMBRA","O´Higgins","Execelente","79.1","77.4","36","-"
"116","75.6","60","HEMBRA","O´Higgins","Execelente","74.6","73.1","36","-"
"117","75.6","60","HEMBRA","O´Higgins","Execelente","90.1","88.9","36","-"
"118","64.4","57.1","HEMBRA","O´Higgins","Execelente","87.1","85.2","36","-"
"119","63.6","55.7","HEMBRA","O´Higgins","Execelente","96.9","95.2","36","-"
"120","69.6","57","HEMBRA","O´Higgins","Execelente","89.5","88.5","36","-"
"121","72.8","59.4","HEMBRA","O´Higgins","Execelente","83.5","82.1","36","-"
"122","73.2","52.1","HEMBRA","O´Higgins","Estandar","96.2","94.7","36","-"
"123","78","58.7","HEMBRA","O´Higgins","Execelente","93.6","91.9","36","-"
"124","62.8","56.9","HEMBRA","O´Higgins","Execelente","89.8","85.6","36","-"
"125","64.8","57.5","MACHO","O´Higgins","Execelente","89.1","87.4","36","-"
"126","66.4","59.8","HEMBRA","O´Higgins","Execelente","65.1","64.1","36","-"
"127","58.8","52.1","MACHO","O´Higgins","Estandar","95.2","92.6","36","-"
"128","77.6","57.8","HEMBRA","Maule","Execelente","94.5","92.6","36","-"
"129","62.8","55.3","HEMBRA","O´Higgins","Execelente","80.2","79","36","-"
"130","81.2","59.4","HEMBRA","O´Higgins","Execelente","92.2","89.9","36","-"
"131","67.6","56.5","MACHO","O´Higgins","Execelente","78.8","77.1","36","-"
"132","67.6","55.7","HEMBRA","O´Higgins","Execelente","91.7","89.1","36","-"
"133","63.2","57","MACHO","O´Higgins","Execelente","83","80.8","36","-"
"134","57.6","53","MACHO","O´Higgins","Estandar","94.9","92.7","36","-"
"135","65.2","56.2","HEMBRA","O´Higgins","Execelente","88.4","86.6","36","-"
"136","68.4","55.8","HEMBRA","O´Higgins","Execelente","101.2","99.4","36","-"
"137","62.4","57.1","MACHO","O´Higgins","Execelente","83.7","82","36","-"
"138","54","55.5","MACHO","O´Higgins","Execelente","99.4","98.1","36","-"
"139","82.8","61.5","MACHO","O´Higgins","?","75.4","73.8","36","-"
"140","73.2","57.8","MACHO","O´Higgins","Execelente","100.8","99.8","36","-"
"141","66.4","58.8","HEMBRA","O´Higgins","Execelente","79.6","78.1","36","-"
"142","64.8","58","MACHO","O´Higgins","Execelente","89.3","87.9","36","-"
"143","58","58.2","MACHO","O´Higgins","Execelente","76","74.1","36","-"
"144","68.8","58.8","HEMBRA","O´Higgins","Execelente","77.9","76.6","36","-"
"145","73.6","56.8","HEMBRA","O´Higgins","Execelente","94.7","92.1","36","-"
"146","70","58.2","MACHO","O´Higgins","Execelente","97.9","95.6","36","-"
"147","76.8","54.2","HEMBRA","O´Higgins","Estandar","103.7","101.4","36","-"
"148","76","58.2","HEMBRA","O´Higgins","Execelente","95.2","92.4","36","-"
"149","74","58.2","HEMBRA","O´Higgins","Execelente","98.1","96.5","36","-"
"150","66.4","59","MACHO","""""","Execelente","89.7","88.2","36","-"
"151","55.6","56.2","MACHO","O´Higgins","Execelente","89.6","87.9","36","-"
"152","74.4","53.6","HEMBRA","22","Estandar","98.2","96.6","36","-"
"153","63.6","56.2","HEMBRA","""""","Execelente","90.5","90","36","-"
"154","71.2","60","HEMBRA","?","Execelente","80","78.4","36","-"
"155","76.8","56.1","HEMBRA","O´Higgins","Execelente","94.8","92.8","36","-"
"156","85.6","59.2","HEMBRA","O´Higgins","Execelente","109.2","106.5","36","-"
"157","62.4","58.8","HEMBRA","O´Higgins","?","74.3","72.6","36","-"
"158","62.8","59.6","MACHO","O´Higgins","Execelente","82.1","81","36","-"
"159","72.4","55.3","HEMBRA","O´Higgins","Execelente","??","101.1","36","-"
"160","71.2","60.2","HEMBRA","O´Higgins","Execelente","83.6","82.4","36","-"
"161","58.8","55","MACHO","O´Higgins","Estandar","73.4","72.1","36","-"
"162","58.8","56.9","MACHO","O´Higgins","Execelente","82.2","81.1","36","-"
"163","61.6","54.6","MACHO","O´Higgins","Estandar","95","93.5","36","-"
"164","70.4","58","HEMBRA","O´Higgins","Execelente","81.8","80.3","36","-"
"165","60.8","55.3","MACHO","O´Higgins","Execelente","84.1","82.6","36","-"
"166","61.6","58.1","HEMBRA","O´Higgins","Execelente","81.7","80","36","-"
"167","67.6","58.7","HEMBRA","O´Higgins","Execelente","81.7","80.4","36","-"
"168","58","53.6","HEMBRA","O´Higgins","Estandar","71.7","70.2","36","-"
"169","73.6","58.7","HEMBRA","O´Higgins","Execelente","98.4","96.1","36","-"
"170","69.2","57.8","MACHO","O´Higgins","Execelente","94.7","93","36","-"
"171","74.4","58.5","HEMBRA","O´Higgins","Execelente","85.9","84.3","36","-"
"172","54","53.3","MACHO","O´Higgins","Estandar","93.9","91.1","36","-"
"173","70.4","59","HEMBRA","O´Higgins","Execelente","102.1","99.1","36","-"
"174","52.4","54.2","MACHO","O´Higgins","Estandar","86","81.7","36","-"
"175","56.4","55.8","HEMBRA","Bio-Bio","Execelente","85.8","81.5","36","-"
"176","75.2","55.1","HEMBRA","Bio-Bio","Execelente","111.2","104.4","36","-"
"177","60.8","51.8","MACHO","O´Higgins","Estandar","95.6","90.6","36","-"
"178","51.6","52.7","MACHO","O´Higgins","Estandar","90","85.9","36","-"
"179","54.8","55.9","MACHO","O´Higgins","Execelente","97.9","93.3","36","-"
"180","58.8","50.7","MACHO","O´Higgins","Estandar","97.6","92.6","36","-"
"181","65.2","54.8","MACHO","O´Higgins","Estandar","100","95.2","36","-"
"182","62","55.7","MACHO","O´Higgins","Execelente","97","92.2","36","-"
"183","70","54.9","MACHO","O´Higgins","Estandar","101.7","96.7","36","-"
"184","67.2","53.2","MACHO","O´Higgins","Estandar","94","89.4","36","-"
"185","70.4","55.8","MACHO","O´Higgins","Execelente","98.5","93.7","36","-"
"186","58.8","50.7","MACHO","O´Higgins","Estandar","92.1","87.4","36","-"
"187","66","55.7","MACHO","O´Higgins","Execelente","98.6","93.6","36","-"
"188","62.4","53.6","MACHO","O´Higgins","Estandar","??","86.3","36","-"
"189","58.4","52.8","MACHO","O´Higgins","Estandar","97.9","92.9","36","-"
"190","57.6","54.1","MACHO","O´Higgins","Estandar","90.3","84.5","36","-"
"191","74.4","49.3","MACHO","O´Higgins","Buena","91.5","86.4","36","-"
"192","55.6","51.9","MACHO","O´Higgins","Estandar","90.8","85.7","36","-"
"193","60","51.7","MACHO","O´Higgins","Estandar","93","88.2","36","-"
"194","66","56.8","MACHO","O´Higgins","Execelente","86.9","84.3","36","-"
"195","64","54.7","MACHO","O´Higgins","Estandar","95.9","91","36","-"
"196","56","50.4","MACHO","O´Higgins","Estandar","?","84.9","36","-"
"197","60.8","51.8","MACHO","O´Higgins","Estandar","88.8","83.9","36","-"
"198","70","53.3","MACHO","O´Higgins","Estandar","98.7","94.4","36","-"
"199","60","53.9","MACHO","O´Higgins","Estandar","97.1","94.1","36","-"
"200","65.2","52.1","MACHO","O´Higgins","Estandar","94.1","89.5","36","-"
"201","63.6","54.9","MACHO","O´Higgins","Estandar","86.6","82.7","36","-"
"202","52.8","48.6","MACHO","O´Higgins","Buena","92.2","87.9","36","-"
"203","60.8","56.9","MACHO","O´Higgins","Execelente","94.1","89.8","36","-"
"204","68","54.7","MACHO","O´Higgins","Estandar","91.7","88.9","36","-"
"205","63.2","52.7","MACHO","O´Higgins","Estandar","98.7","93.8","36","-"
"206","60.8","53.4","MACHO","O´Higgins","Estandar","75.4","73.7","36","-"
"207","64.8","54","MACHO","O´Higgins","Estandar","94.9","90.1","36","-"
"208","63.6","58.1","MACHO","O´Higgins","Execelente","89.4","85.4","36","-"
"209","61.6","52.2","MACHO","O´Higgins","Estandar","90.4","85.8","36","-"
"210","77.6","55.4","MACHO","Maule","Execelente","89.1","84.6","36","-"
"211","62.4","53.9","MACHO","Maule","Estandar","96.3","91.7","36","-"
"212","61.6","48.1","MACHO","O´Higgins","Buena","99.5","94.8","36","-"
"213","59.2","50","MACHO","O´Higgins","Buena","95.6","90.2","36","-"
"214","60.4","53.4","MACHO","O´Higgins","Estandar","92.8","87.6","36","-"
"215","63.2","48.6","MACHO","Los Lagos","Buena","99.9","94.4","36","-"
"216","64.4","49.1","MACHO","Los Lagos","Buena","97.1","92","36","-"
"217","60.4","53.4","MACHO","O´Higgins","Estandar","95.2","90","36","-"
"218","58.8","45.9","MACHO","O´Higgins","Buena","97.5","91.5","36","-"
"219","60.8","56.9","MACHO","O´Higgins","Execelente","87.2","84.6","36","-"
"220","69.6","54.6","MACHO","O´Higgins","Estandar","100.5","95.1","36","-"
"221","59.2","54.6","MACHO","O´Higgins","Estandar","84.3","80.5","36","-"
"222","60.8","52.6","MACHO","O´Higgins","Estandar","99.2","93.2","36","-"
"223","59.6","52.5","MACHO","O´Higgins","Estandar","93.5","88.5","36","-"
"224","61.2","49.7","MACHO","O´Higgins","Buena","95.7","91.8","36","-"
"225","53.2","49.2","MACHO","O´Higgins","Buena","89.4","85.1","36","-"
"226","65.6","53.5","MACHO","O´Higgins","Estandar","97.1","94.2","36","-"
"227","60.4","52.8","MACHO","O´Higgins","Estandar","84.8","79.8","36","-"
"228","59.6","48.7","MACHO","O´Higgins","Buena","93.9","88.6","36","-"
"229","64.8","53.4","MACHO","Metropolitana","Estandar","95.8","90.7","36","-"
"230","53.2","52.9","MACHO","O´Higgins","Estandar","88.6","84.5","36","-"
"231","66.8","55.6","MACHO","O´Higgins","Execelente","95.7","91.8","36","-"
"232","60.4","51.2","MACHO","O´Higgins","Estandar","88.8","84.8","36","-"
"233","59.2","55.9","MACHO","O´Higgins","Execelente","94.5","89.9","36","-"
"234","60.8","52.6","MACHO","O´Higgins","Estandar","93.3","89.5","36","-"
"235","62.4","53.6","MACHO","Metropolitana","Estandar","94.9","90.5","36","-"
"236","66.8","51.8","MACHO","Metropolitana","Estandar","98","92.3","36","-"
"237","57.6","51.4","MACHO","O´Higgins","Estandar","94.1","89.2","36","-"
"238","63.6","51.4","MACHO","O´Higgins","Estandar","93.7","88.8","36","-"
"239","59.2","54.8","MACHO","O´Higgins","Estandar","94.5","90.1","36","-"
"240","57.6","52.7","MACHO","O´Higgins","Estandar","90.1","85.7","36","-"
"241","68","55.2","MACHO","O´Higgins","Execelente","95.4","90.6","36","-"
"242","58.4","52.8","MACHO","O´Higgins","Estandar","92.6","87.7","36","-"
"243","48.8","51.5","MACHO","O´Higgins","Estandar","92.9","89","36","-"
"244","66","52.5","MACHO","O´Higgins","Estandar","96.6","93.3","36","-"
"245","55.6","53.5","MACHO","O´Higgins","Estandar","94.9","93.3","36","-"
"246","60.4","50.7","MACHO","O´Higgins","Estandar","91.4","90.9","36","-"
"247","53.2","51.3","MACHO","O´Higgins","Estandar","90","84.9","36","-"
"248","55.6","53.3","MACHO","O´Higgins","Estandar","98.4","94.8","36","-"
"249","60","52.5","MACHO","O´Higgins","Estandar","95.9","91.1","36","-"
"250","62.8","52.3","MACHO","O´Higgins","Estandar","97.5","94.1","36","-"
"251","72","55.7","MACHO","O´Higgins","Execelente","91.7","87.2","36","-"
"252","56.4","53.1","MACHO","O´Higgins","Estandar","98.1","92.9","36","-"
"253","60.8","50.7","MACHO","O´Higgins","Estandar","92.4","87.4","36","-"
"254","62","56.6","MACHO","O´Higgins","Execelente","85.7","81.6","36","-"
"255","62.4","56.1","MACHO","O´Higgins","Execelente","84.1","80.3","36","-"
"256","66.4","53.6","MACHO","O´Higgins","Estandar","98.2","93.7","36","-"
"257","66.8","52.9","MACHO","O´Higgins","Estandar","96","93.2","36","-"
"258","58","55.5","MACHO","Maule","Execelente","87.8","86.1","36","-"
"259","68.8","55.3","MACHO","O´Higgins","Execelente","95.2","90.4","36","-"
"260","70.4","52.3","MACHO","O´Higgins","Estandar","98.7","96","36","-"
"261","66","52.2","MACHO","O´Higgins","Estandar","101.7","95.8","36","-"
"262","62.4","50.9","MACHO","O´Higgins","Estandar","89.3","84.8","36","-"
"263","68","54.4","MACHO","O´Higgins","Estandar","92.1","87.3","36","-"
"264","63.6","54.9","MACHO","O´Higgins","Estandar","95.2","90.7","36","-"
"265","58","53","MACHO","O´Higgins","Estandar","93.9","88.9","36","-"
"266","66.8","56.1","MACHO","O´Higgins","Execelente","91.7","87.2","36","-"
"267","68.4","50.4","MACHO","O´Higgins","Estandar","95.8","89.5","36","-"
"268","58.8","51.8","MACHO","O´Higgins","Estandar","95.1","91.9","36","-"
"269","70.8","54","MACHO","O´Higgins","Estandar","96.1","90.9","36","-"
"270","59.6","54.3","MACHO","O´Higgins","Estandar","96.5","91.8","36","-"
"271","58","52","MACHO","O´Higgins","Estandar","92.8","86.4","36","-"
"272","69.2","55.1","MACHO","Metropolitana","Execelente","96.7","91.7","36","-"
"273","62.8","53.4","MACHO","Metropolitana","Estandar","90","85.5","36","-"
"274","56","53","MACHO","O´Higgins","Estandar","95.7","91","36","-"
"275","66.8","56.1","MACHO","Bio-Bio","Execelente","94.9","90.4","36","-"
"276","66.4","52","MACHO","O´Higgins","Estandar","98.6","93.9","36","-"
"277","64","53","MACHO","O´Higgins","Estandar","94.1","88.7","36","-"
"278","64.4","56.1","MACHO","Bio-Bio","Execelente","96.5","92.1","36","-"
"279","64","57.9","MACHO","Bio-Bio","Execelente","92.7","88.3","36","-"
"280","61.6","49.8","MACHO","O´Higgins","Buena","93.6","88.2","36","-"
"281","67.2","55.6","MACHO","Bio-Bio","Execelente","98.4","93.6","36","-"
"282","60.8","51.5","MACHO","O´Higgins","Estandar","95.3","90.7","36","-"
"283","63.2","54.3","MACHO","O´Higgins","Estandar","92.1","86.7","36","-"
"284","61.6","51.9","MACHO","Bio-Bio","Estandar","94.6","89.7","36","-"
"285","56.8","51.5","MACHO","O´Higgins","Estandar","94.7","90","36","-"
"286","63.6","46.8","MACHO","O´Higgins","Buena","96.4","90.9","36","-"
"287","70.8","53.7","MACHO","O´Higgins","Estandar","97.6","94.2","36","-"
"288","59.6","54.3","MACHO","Bio-Bio","Estandar","89.8","84.6","36","-"
"289","58.4","55.3","MACHO","O´Higgins","Execelente","87.4","82.8","36","-"
"290","56.8","51.3","MACHO","O´Higgins","Estandar","93.6","90.6","36","-"
"291","64","50.1","MACHO","O´Higgins","Estandar","93.9","90","36","-"
"292","64","49.8","MACHO","O´Higgins","Buena","96.7","91.7","36","-"
"293","59.2","50.5","MACHO","O´Higgins","Estandar","99.1","94.2","36","-"
"294","61.2","52.9","MACHO","O´Higgins","Estandar","94.8","89.7","36","-"
"295","64","55.5","MACHO","Bio-Bio","Execelente","94","89.1","36","-"
"296","60.4","55.5","MACHO","Bio-Bio","Execelente","93.5","89","36","-"
"297","68","57.1","MACHO","Bio-Bio","Execelente","93.4","88.8","36","-"
"298","59.6","51.1","MACHO","O´Higgins","Estandar","93.9","88.4","36","-"
"299","46.8","53.4","MACHO","Metropolitana","Estandar","79.2","75.3","36","-"
"300","63.6","54.6","MACHO","Metropolitana","Estandar","88.3","83.5","36","-"
"301","61.6","55.7","MACHO","Bio-Bio","Execelente","88.1","83.7","36","-"
"302","58.4","54.2","MACHO","O´Higgins","Estandar","90.4","86.3","36","-"
"303","62.4","56.1","MACHO","O´Higgins","Execelente","88.9","84.9","36","-"
"304","57.6","54.3","MACHO","O´Higgins","Estandar","86.1","81.4","36","-"
"305","50.8","51","MACHO","O´Higgins","Estandar","96","90.5","36","-"
"306","59.6","50.6","MACHO","O´Higgins","Estandar","93.1","88.6","36","-"
"307","61.2","55.9","MACHO","O´Higgins","Execelente","83.2","81.3","36","-"
"308","81.2","54.8","MACHO","O´Higgins","Estandar","94.7","89.8","36","-"
"309","56","52","MACHO","O´Higgins","Estandar","89","84.7","36","-"
"310","62","52.5","MACHO","O´Higgins","Estandar","97.3","92.4","36","-"
"311","62.4","50.1","MACHO","Metropolitana","Estandar","93.8","88.6","36","-"
"312","54","52.5","MACHO","Metropolitana","Estandar","89.6","84.3","36","-"
"313","60.8","53.4","MACHO","Maule","Estandar","96.1","93.9","36","-"
"314","81.6","57","MACHO","Maule","Execelente","93","88.4","36","-"
"315","69.6","55.4","MACHO","Maule","Execelente","95.1","90.6","36","-"
"316","60","56.3","MACHO","O´Higgins","Execelente","92.9","88.8","36","-"
"317","57.2","55.9","MACHO","Bio-Bio","Execelente","93.1","90.7","36","-"
"318","60.4","55.5","MACHO","Bio-Bio","Execelente","88.3","83.9","36","-"
"319","73.6","59.2","MACHO","Bio-Bio","Execelente","73.5","71.7","36","-"
"320","68.4","57.4","MACHO","Valparaiso","Execelente","89.4","86.3","36","-"
"321","67.6","55.7","MACHO","Valparaiso","Execelente","96.8","91.8","36","-"
"322","76.4","53.9","MACHO","Valparaiso","Estandar","101.6","96.2","36","-"
"323","51.6","54.9","MACHO","Valparaiso","Estandar","80.6","78","36","-"
"324","57.6","50.3","MACHO","Valparaiso","Estandar","91.5","86.5","36","-"
"325","60.8","51.3","MACHO","Valparaiso","Estandar","94.8","89.6","36","-"
"326","68.4","55","MACHO","Valparaiso","Estandar","92.6","88.4","36","-"
"327","60","50.9","MACHO","Valparaiso","Estandar","93.9","89.4","36","-"
"328","60.4","58.2","MACHO","Valparaiso","Execelente","84.9","81.2","36","-"
"329","62","55.7","MACHO","Valparaiso","Execelente","94.3","89.8","36","-"
"330","60.4","55.5","MACHO","Metropolitana","Execelente","82.7","79.8","36","-"
"331","71.2","56.4","MACHO","O´Higgins","Execelente","84.9","80.9","36","-"
"332","56.4","53.9","MACHO","O´Higgins","Estandar","95.6","90.5","36","-"
"333","51.6","48.9","MACHO","O´Higgins","Buena","92.9","88","36","-"
"334","60","50.4","MACHO","O´Higgins","Estandar","90.5","85.6","36","-"
"335","62.4","54.5","MACHO","O´Higgins","Estandar","86.1","82","36","-"
"336","48","53","MACHO","O´Higgins","Estandar","84","81.5","36","-"
"337","52.4","49.6","MACHO","O´Higgins","Buena","79.8","77.9","36","-"
"338","61.6","52.2","MACHO","O´Higgins","Estandar","77.4","76.2","36","-"
"339","62","54.7","MACHO","O´Higgins","Estandar","67.7","65.5","36","-"
"340","45.2","49.4","MACHO","O´Higgins","Buena","61.7","58.5","36","-"
"341","58.4","51.5","MACHO","O´Higgins","Estandar","75","71.1","36","-"
"342","56.8","53.7","MACHO","O´Higgins","Estandar","73.9","70.5","36","-"
"343","59.2","56.4","HEMBRA","O´Higgins","Execelente","66.3","66","36","-"
"344","54.8","48.3","HEMBRA","O´Higgins","Buena","76.9","71.9","36","-"
"345","60.4","54.5","HEMBRA","O´Higgins","Estandar","73.3","69.7","36","-"
"346","54","52.5","MACHO","O´Higgins","Estandar","70","69.4","36","-"
"347","63.6","52.7","HEMBRA","O´Higgins","Estandar","77.2","76.1","36","-"
"348","55.6","52.5","HEMBRA","O´Higgins","Estandar","68.4","66.1","36","-"
"349","53.2","51.6","MACHO","O´Higgins","Estandar","66.7","65.1","36","-"
"350","50.8","54.2","HEMBRA","O´Higgins","Estandar","63.2","62.5","36","-"
"351","50","49.3","HEMBRA","O´Higgins","Buena","73.9","73.6","36","-"
"352","61.6","51.9","HEMBRA","O´Higgins","Estandar","78.9","77.2","36","-"
"353","57.2","50.8","MACHO","O´Higgins","Estandar","70.4","66.8","36","-"
"354","57.6","54.3","HEMBRA","O´Higgins","Estandar","77.7","76.6","36","-"
"355","56.8","55.9","HEMBRA","O´Higgins","Execelente","72.1","69.6","36","-"
"356","44.8","49.9","MACHO","O´Higgins","Buena","67.7","64.5","36","-"
"357","51.6","52.5","HEMBRA","O´Higgins","Estandar","76","73.8","36","-"
"358","62.4","57.1","HEMBRA","O´Higgins","Execelente","80.3","79.7","36","-"
"359","54.4","53.1","MACHO","O´Higgins","Estandar","67.8","64.8","36","-"
"360","59.6","56.2","MACHO","Maule","Execelente","70.9","68.5","36","-"
"361","64","56.6","HEMBRA","Maule","Execelente","79.3","77.2","36","-"
"362","57.2","53.2","HEMBRA","Maule","Estandar","72.5","71.1","36","-"
"363","56.8","50.2","MACHO","O´Higgins","Estandar","79","78","36","-"
"364","55.2","51.6","MACHO","O´Higgins","Estandar","75.2","71.9","36","-"
"365","53.6","53.3","MACHO","O´Higgins","Estandar","66","62.6","36","-"
"366","57.6","54.1","HEMBRA","O´Higgins","Estandar","77.4","76.6","36","-"
"367","60","55.2","HEMBRA","O´Higgins","Execelente","70.5","67.3","36","-"
"368","56.4","50.4","MACHO","O´Higgins","Estandar","76.4","75.4","36","-"
"369","59.2","51.1","MACHO","O´Higgins","Estandar","71.7","70.3","36","-"
"370","56.4","48.5","MACHO","O´Higgins","Buena","72.9","70.7","36","-"
"371","52.4","50.7","MACHO","O´Higgins","Estandar","73.5","71.1","36","-"
"372","55.2","51.6","HEMBRA","O´Higgins","Estandar","78.4","76","36","-"
"373","55.6","49.8","HEMBRA","Valparaiso","Buena","77.4","72.8","36","-"
"374","55.2","52.9","MACHO","O´Higgins","Estandar","71.1","69.3","36","-"
"375","55.6","50.8","HEMBRA","O´Higgins","Estandar","77","74.8","36","-"
"376","54.4","45.8","MACHO","O´Higgins","Buena","77.8","75.6","36","-"
"377","66.4","45","HEMBRA","O´Higgins","Menos buena","152.5","150","36","-"
"378","70","54.1","HEMBRA","Valparaiso","Estandar","127.2","124.8","36","-"
"379","62.4","53.6","MACHO","O´Higgins","Estandar","126.1","123.6","36","-"
"380","67.2","52.1","HEMBRA","O´Higgins","Estandar","107.3","104.8","36","-"
"381","62.4","51.8","HEMBRA","O´Higgins","Estandar","139.1","137.3","36","-"
"382","55.2","50.5","HEMBRA","O´Higgins","Estandar","106.8","104.2","36","-"
"383","60.8","47.2","HEMBRA","O´Higgins","Buena","115","108.7","36","-"
"384","72.4","51.8","MACHO","O´Higgins","Estandar","138.9","131.7","36","-"
"385","59.2","50.2","MACHO","O´Higgins","Estandar","125.1","117","36","-"
"386","68.4","55.3","MACHO","O´Higgins","Execelente","128.9","121.7","36","-"
"387","78.4","52","MACHO","O´Higgins","Estandar","143.4","135.9","36","-"
"388","74","55.7","MACHO","O´Higgins","Execelente","146.1","138.8","36","-"
"389","76.4","53.6","MACHO","O´Higgins","Estandar","163.4","155.4","36","-"
"390","76","51.2","MACHO","O´Higgins","Estandar","153.4","144.1","36","-"
"391","71.6","57.8","MACHO","O´Higgins","Execelente","118.7","114","36","-"
"392","72.8","53.4","MACHO","O´Higgins","Estandar","119.9","114.2","36","-"
"393","71.2","51.9","MACHO","O´Higgins","Estandar","151.7","144.7","36","-"
"394","70.4","48.3","MACHO","O´Higgins","Buena","154.6","145.7","36","-"
"395","74.8","54.2","MACHO","O´Higgins","Estandar","140.5","133.5","36","-"
"396","64.4","52.3","MACHO","O´Higgins","Estandar","132.1","125.2","36","-"
"397","65.2","55.6","MACHO","O´Higgins","Execelente","120","118.2","36","-"
"398","73.6","51.9","MACHO","O´Higgins","Estandar","147.8","139.7","36","-"
"399","75.6","54.6","MACHO","O´Higgins","Estandar","130.5","124.6","36","-"
"400","75.2","54.3","MACHO","O´Higgins","Estandar","145.5","138.3","36","-"
"401","80.4","54.7","MACHO","O´Higgins","Estandar","144.3","141.3","36","-"
"402","81.6","56.5","MACHO","O´Higgins","Execelente","134.1","130.8","36","-"
"403","66.8","51","MACHO","Valparaiso","Estandar","136.6","132.8","36","-"
"404","55.2","54","MACHO","Valparaiso","Estandar","113.9","110.6","36","-"
"405","73.2","51.9","MACHO","O´Higgins","Estandar","148.5","145.2","36","-"
"406","76","53.6","MACHO","O´Higgins","Estandar","125.2","121.8","36","-"
"407","82.4","57.7","MACHO","O´Higgins","Execelente","125.4","122","36","-"
"408","78.8","56.9","MACHO","O´Higgins","Execelente","119.6","116.3","36","-"
"409","0","0","MACHO","O´Higgins","-","148.7","146","36","-"
"410","68.4","50.7","MACHO","O´Higgins","Estandar","141.5","137.8","36","-"
"411","74.8","55.3","MACHO","O´Higgins","Execelente","103.5","100.3","36","-"
"412","69.6","57.6","MACHO","O´Higgins","Execelente","126.6","122.8","36","-"
"413","0","0","MACHO","O´Higgins","-","141.4","137.8","36","-"
"414","70","57.9","MACHO","O´Higgins","Execelente","127.6","124.2","36","-"
"415","0","0","MACHO","O´Higgins","-","132.8","129.3","36","-"
"416","85.2","55.1","MACHO","O´Higgins","Execelente","132.4","128.3","36","-"
"417","0","0","MACHO","O´Higgins","-","138.7","134.6","36","-"
"418","0","0","MACHO","O´Higgins","-","155.4","150.8","36","-"
"419","0","0","MACHO","O´Higgins","-","126.8","122.6","36","-"
"420","0","0","MACHO","O´Higgins","-","130.9","126.3","36","-"
"421","63.2","56.7","MACHO","O´Higgins","Execelente","77.2","76.1","36","-"
"422","67.2","57.5","HEMBRA","O´Higgins","Execelente","79.9","78.7","36","-"
"423","65.6","54.1","MACHO","Valparaiso","Estandar","86.8","85","36","-"
"424","66.8","55.3","MACHO","O´Higgins","Execelente","95.2","92.5","36","-"
"425","72.4","56.3","MACHO","O´Higgins","Execelente","88.7","87.9","36","-"
"426","66","56.8","MACHO","Valparaiso","Execelente","81.9","80.4","36","-"
"427","66.8","53.7","MACHO","O´Higgins","Estandar","100.6","98.5","36","-"
"428","60","54.7","MACHO","O´Higgins","Estandar","91.2","89.5","36","-"
"429","74.8","57.2","HEMBRA","O´Higgins","Execelente","94.5","92.8","36","-"
"430","73.2","57.3","HEMBRA","O´Higgins","Execelente","79.4","78.4","36","-"
"431","70","56.3","MACHO","O´Higgins","Execelente","91.5","89.2","36","-"
"432","64","56.6","HEMBRA","O´Higgins","Execelente","88.2","85.9","36","-"
"433","70.8","57.7","MACHO","O´Higgins","Execelente","97","94.8","36","-"
"434","83.2","59.7","MACHO","O´Higgins","Execelente","87.6","86.7","36","-"
"435","66.8","55","HEMBRA","O´Higgins","Estandar","85","84.6","36","-"
"436","63.6","56.2","MACHO","O´Higgins","Execelente","83","79.1","36","-"
"437","80.8","58.8","HEMBRA","O´Higgins","Execelente","84.6","83.8","36","-"
"438","72.4","58.8","HEMBRA","O´Higgins","Execelente","81.2","79.8","36","-"
"439","66","57.9","MACHO","O´Higgins","Execelente","82.2","80.4","36","-"
"440","66.4","58.5","HEMBRA","O´Higgins","Execelente","72.6","72","36","-"
"441","67.2","58.6","MACHO","O´Higgins","Execelente","73.4","71.3","36","-"
"442","59.2","55.6","MACHO","O´Higgins","Execelente","77.5","76.8","36","-"
"443","67.6","57","HEMBRA","O´Higgins","Execelente","80.1","78.1","36","-"
"444","84.4","61.2","HEMBRA","O´Higgins","Superior","73.4","71.8","36","-"
"445","50.4","55.8","HEMBRA","O´Higgins","Execelente","66.2","66","36","-"
"446","65.6","54.6","MACHO","Valparaiso","Estandar","83.9","83.3","36","-"
"447","68.4","58.8","HEMBRA","O´Higgins","Execelente","79.9","78.8","36","-"
"448","59.2","58.6","HEMBRA","O´Higgins","Execelente","72.1","71.3","36","-"
"449","69.2","57","HEMBRA","Valparaiso","Execelente","83.6","82","36","-"
"450","62.8","54","MACHO","O´Higgins","Estandar","90","87.2","36","-"
"451","70.8","54.8","HEMBRA","Valparaiso","Estandar","91.5","90.8","36","-"
"452","70","55.5","HEMBRA","O´Higgins","Execelente","95.9","94.6","36","-"
"453","74.8","56.7","MACHO","O´Higgins","Execelente","91.2","90","36","-"
"454","60.4","57.1","HEMBRA","O´Higgins","Execelente","84.8","83.4","36","-"
"455","59.2","57.3","HEMBRA","O´Higgins","Execelente","71.9","70","36","-"
"456","74.8","59.1","HEMBRA","O´Higgins","Execelente","90.5","88.1","36","-"
"457","71.2","58.1","HEMBRA","O´Higgins","Execelente","78.9","76.2","36","-"
"458","73.6","58.4","HEMBRA","O´Higgins","Execelente","89.9","87.8","36","-"
"459","66","56.6","HEMBRA","O´Higgins","Execelente","76","73.5","36","-"
"460","70.4","56.9","MACHO","O´Higgins","Execelente","87.2","84.3","36","-"
"461","69.2","57.8","MACHO","O´Higgins","Execelente","93.7","88.1","36","-"
"462","65.2","58.3","HEMBRA","O´Higgins","Execelente","76.1","72.8","36","-"
"463","71.6","53","HEMBRA","Valparaiso","Estandar","84.1","80","36","-"
"464","71.6","58.1","HEMBRA","O´Higgins","Execelente","74.6","73.4","36","-"
"465","56.4","59","HEMBRA","O´Higgins","Execelente","65.9","64.2","36","-"
"466","71.6","58.9","HEMBRA","O´Higgins","Execelente","86.4","84.2","36","-"
"467","66","56.6","HEMBRA","O´Higgins","Execelente","83.7","82.1","36","-"
"468","75.6","57.6","HEMBRA","O´Higgins","Execelente","91.4","90.9","36","-"
"469","69.6","58.4","HEMBRA","O´Higgins","Execelente","80.4","79.2","36","-"
"470","75.6","56.5","MACHO","O´Higgins","Execelente","88.9","88.5","36","-"
"471","65.2","57.3","MACHO","O´Higgins","Execelente","83.1","82.1","36","-"
"472","68","58.7","HEMBRA","O´Higgins","Execelente","69.6","68.5","36","-"
"473","71.6","57","HEMBRA","O´Higgins","Execelente","92.8","91.1","36","-"
"474","60","54.9","MACHO","Metropolitana","Estandar","72.6","72.1","36","-"
"475","74","53.1","MACHO","Metropolitana","Estandar","84.6","82.3","36","-"
"476","61.2","57.5","HEMBRA","O´Higgins","Execelente","69.2","67.2","36","-"
"477","68.8","57.2","HEMBRA","O´Higgins","Execelente","86","84","36","-"
"478","69.6","57","MACHO","O´Higgins","Execelente","84.8","84.1","36","-"
"479","71.6","55.4","MACHO","O´Higgins","Execelente","83.6","82.2","36","-"
"480","62.8","55.3","HEMBRA","O´Higgins","Execelente","84.4","83.6","36","-"
"481","76.8","60.4","HEMBRA","O´Higgins","Superior","81.8","80.2","36","-"
"482","63.2","55.9","MACHO","O´Higgins","Execelente","77.5","75.3","36","-"
"483","66.8","54.5","MACHO","O´Higgins","Estandar","88.6","86.8","36","-"
"484","69.2","55.6","HEMBRA","O´Higgins","Execelente","84.2","83.6","36","-"
"485","70.8","57.5","HEMBRA","Metropolitana","Execelente","92.1","90.2","36","-"
"486","68.8","55","HEMBRA","Metropolitana","Estandar","82","80.6","36","-"
"487","74.8","","HEMBRA","Metropolitana","Execelente","83.5","81.3","36","-"
"488","57.6","55.7","HEMBRA","Metropolitana","Execelente","89","64.9","36","-"
"489","66","55.5","MACHO","O´Higgins","Execelente","76.1","75.1","36","-"
"490","72.4","55","HEMBRA","O´Higgins","Estandar","93.7","69.1","36","-"
"491","74.4","58.2","HEMBRA","O´Higgins","Execelente","91.8","59.5","36","-"
"492","68.4","59.3","HEMBRA","O´Higgins","Execelente","86.2","69.7","36","-"
"493","73.2","52.9","HEMBRA","O´Higgins","Estandar","108.5","66.1","36","-"
"494","70.4","?","HEMBRA","O´Higgins","Execelente","94.8","63.3","36","-"
"495","74","56.8","HEMBRA","O´Higgins","Execelente","97.2","66.9","36","-"
"496","80.8","?","HEMBRA","O´Higgins","Estandar","108","65","36","-"
"497","73.2","55.6","HEMBRA","O´Higgins","Execelente","99.5","65","36","-"
"498","66.4","56.1","HEMBRA","O´Higgins","Execelente","88","68","36","-"
"499","70","57.4","HEMBRA","O´Higgins","Execelente","83.1","68.5","36","-"
"500","73.6","56.5","HEMBRA","O´Higgins","Execelente","107.8","63.8","36","-"
"501","","","","","","","","36","-"
"502","","","","","","","","36","-"
"503","","","","","","","","36","-"
